base_run_id,source_csv,stage1_exists,nonempty_downstream_count,nonempty_downstream_runs,nonempty_downstream_details
0tqmjvo3,sweep_jepa_random_student_rate_stage1_select_log_random.csv,True,1,0tqmjvo3-stage2-fn-fixed,"0tqmjvo3-stage2-fn-fixed[files=133,metrics=1,train_log=0,perf_log=0,chkpt=132]"
2a7j9xfb,sweep_jepa_random_student_rate_stage1_select_log_cropping.csv,True,1,2a7j9xfb-stage2-fn-fixed,"2a7j9xfb-stage2-fn-fixed[files=133,metrics=1,train_log=0,perf_log=0,chkpt=132]"
48xqti94,sweep_jepa_random_student_rate_stage1_select_log_healpix.csv,True,1,48xqti94-stage2-fn-fixed,"48xqti94-stage2-fn-fixed[files=133,metrics=1,train_log=0,perf_log=0,chkpt=132]"
4pmuvrrw,sweep_jepa_random_student_rate_stage1_select_log_cropping.csv,True,1,4pmuvrrw-stage2-fn-fixed,"4pmuvrrw-stage2-fn-fixed[files=133,metrics=1,train_log=0,perf_log=0,chkpt=132]"
6fyxobrt,sweep_jepa_random_student_rate_stage1_select_log_cropping.csv,True,1,6fyxobrt-stage2-fn-fixed,"6fyxobrt-stage2-fn-fixed[files=133,metrics=1,train_log=0,perf_log=0,chkpt=132]"
74irtwrk,sweep_jepa_random_student_rate_stage1_select_qzt_log_q_random.csv,True,1,74irtwrk-stage2-q-fn-fixed,"74irtwrk-stage2-q-fn-fixed[files=133,metrics=1,train_log=0,perf_log=0,chkpt=132]"
7baism07,sweep_jepa_random_student_rate_stage1_select_log_random.csv,True,1,7baism07-stage2-fn-fixed,"7baism07-stage2-fn-fixed[files=133,metrics=1,train_log=0,perf_log=0,chkpt=132]"
8kerb5s3,sweep_jepa_random_student_rate_stage1_select_log_healpix.csv,True,1,8kerb5s3-stage2-fn-fixed,"8kerb5s3-stage2-fn-fixed[files=133,metrics=1,train_log=0,perf_log=0,chkpt=132]"
a7u6r2a3,sweep_jepa_random_student_rate_stage1_select_log_healpix.csv,True,1,a7u6r2a3-stage2-fn-fixed,"a7u6r2a3-stage2-fn-fixed[files=133,metrics=1,train_log=0,perf_log=0,chkpt=132]"
a84eyrht,sweep_jepa_random_student_rate_stage1_select_qzt_log_q_healpix.csv,True,1,a84eyrht-stage2-q-fn-fixed,"a84eyrht-stage2-q-fn-fixed[files=133,metrics=1,train_log=0,perf_log=0,chkpt=132]"
agu7r3d2,sweep_jepa_random_student_rate_stage1_select_log_random.csv,True,1,agu7r3d2-stage2-fn-fixed,"agu7r3d2-stage2-fn-fixed[files=133,metrics=1,train_log=0,perf_log=0,chkpt=132]"
dbs1q8lf,sweep_jepa_random_student_rate_stage1_select_log_random.csv,True,1,dbs1q8lf-stage2-fn-fixed,"dbs1q8lf-stage2-fn-fixed[files=133,metrics=1,train_log=0,perf_log=0,chkpt=132]"
efrg07hr,sweep_jepa_random_student_rate_stage1_select_qzt_log_q_healpix.csv,True,1,efrg07hr-stage2-q-fn-fixed,"efrg07hr-stage2-q-fn-fixed[files=133,metrics=1,train_log=0,perf_log=0,chkpt=132]"
elt0z1z8,sweep_jepa_random_student_rate_stage1_select_log_healpix.csv,True,1,elt0z1z8-stage2-fn-fixed,"elt0z1z8-stage2-fn-fixed[files=133,metrics=1,train_log=0,perf_log=0,chkpt=132]"
esr3lc5s,sweep_jepa_random_student_rate_stage1_select_qzt_log_q_healpix.csv,True,1,esr3lc5s-stage2-q-fn-fixed,"esr3lc5s-stage2-q-fn-fixed[files=133,metrics=1,train_log=0,perf_log=0,chkpt=132]"
fgomoie3,sweep_jepa_random_student_rate_stage1_select_log_cropping.csv,True,1,fgomoie3-stage2-fn-fixed,"fgomoie3-stage2-fn-fixed[files=133,metrics=1,train_log=0,perf_log=0,chkpt=132]"
fu0wu6ik,sweep_jepa_random_student_rate_stage1_select_log_healpix.csv,True,1,fu0wu6ik-stage2-fn-fixed,"fu0wu6ik-stage2-fn-fixed[files=133,metrics=1,train_log=0,perf_log=0,chkpt=132]"
h24te6kq,sweep_jepa_random_student_rate_stage1_select_log_random.csv,True,1,h24te6kq-stage2-fn-fixed,"h24te6kq-stage2-fn-fixed[files=133,metrics=1,train_log=0,perf_log=0,chkpt=132]"
h4fa61gs,sweep_jepa_random_student_rate_stage1_select_log_random.csv,True,1,h4fa61gs-stage2-fn-fixed,"h4fa61gs-stage2-fn-fixed[files=133,metrics=1,train_log=0,perf_log=0,chkpt=132]"
i7zspy9z,sweep_jepa_random_student_rate_stage1_select_qzt_log_q_cropping.csv,True,1,i7zspy9z-stage2-q-fn-fixed,"i7zspy9z-stage2-q-fn-fixed[files=133,metrics=1,train_log=0,perf_log=0,chkpt=132]"
iar1vgr4,sweep_jepa_random_student_rate_stage1_select_log_healpix.csv,True,1,iar1vgr4-stage2-fn-fixed,"iar1vgr4-stage2-fn-fixed[files=133,metrics=1,train_log=0,perf_log=0,chkpt=132]"
k6fvsuw0,sweep_jepa_random_student_rate_stage1_select_log_cropping.csv,True,1,k6fvsuw0-stage2-fn-fixed,"k6fvsuw0-stage2-fn-fixed[files=133,metrics=1,train_log=0,perf_log=0,chkpt=132]"
k6nou8h5,sweep_jepa_random_student_rate_stage1_select_qzt_log_q_cropping.csv,True,1,k6nou8h5-stage2-q-fn-fixed,"k6nou8h5-stage2-q-fn-fixed[files=133,metrics=1,train_log=0,perf_log=0,chkpt=132]"
kytru2ru,sweep_jepa_random_student_rate_stage1_select_log_healpix.csv,True,1,kytru2ru-stage2-fn-fixed,"kytru2ru-stage2-fn-fixed[files=133,metrics=1,train_log=0,perf_log=0,chkpt=132]"
lzdwh3bg,sweep_jepa_random_student_rate_stage1_select_log_cropping.csv,True,1,lzdwh3bg-stage2-fn-fixed,"lzdwh3bg-stage2-fn-fixed[files=133,metrics=1,train_log=0,perf_log=0,chkpt=132]"
m0wkjh43,sweep_jepa_random_student_rate_stage1_select_log_cropping.csv,True,1,m0wkjh43-stage2-fn-fixed,"m0wkjh43-stage2-fn-fixed[files=133,metrics=1,train_log=0,perf_log=0,chkpt=132]"
neo4najl,sweep_jepa_random_student_rate_stage1_select_qzt_log_q_random.csv,True,1,neo4najl-stage2-q-fn-fixed,"neo4najl-stage2-q-fn-fixed[files=133,metrics=1,train_log=0,perf_log=0,chkpt=132]"
pckllyys,sweep_jepa_random_student_rate_stage1_select_log_random.csv,True,1,pckllyys-stage2-fn-fixed,"pckllyys-stage2-fn-fixed[files=133,metrics=1,train_log=0,perf_log=0,chkpt=132]"
riw0cpsk,sweep_jepa_random_student_rate_stage1_select_log_cropping.csv,True,1,riw0cpsk-stage2-fn-fixed,"riw0cpsk-stage2-fn-fixed[files=133,metrics=1,train_log=0,perf_log=0,chkpt=132]"
scqfy77t,sweep_jepa_random_student_rate_stage1_select_qzt_log_q_random.csv,True,1,scqfy77t-stage2-q-fn-fixed,"scqfy77t-stage2-q-fn-fixed[files=129,metrics=1,train_log=0,perf_log=0,chkpt=128]"
sgtst9tw,sweep_jepa_random_student_rate_stage1_select_log_healpix.csv,True,1,sgtst9tw-stage2-fn-fixed,"sgtst9tw-stage2-fn-fixed[files=133,metrics=1,train_log=0,perf_log=0,chkpt=132]"
sm7j4d6q,sweep_jepa_random_student_rate_stage1_select_qzt_log_q_cropping.csv,True,1,sm7j4d6q-stage2-q-fn-fixed,"sm7j4d6q-stage2-q-fn-fixed[files=133,metrics=1,train_log=0,perf_log=0,chkpt=132]"
st8zgih3,sweep_jepa_random_student_rate_stage1_select_qzt_log_q_cropping.csv,True,1,st8zgih3-stage2-q-fn-fixed,"st8zgih3-stage2-q-fn-fixed[files=133,metrics=1,train_log=0,perf_log=0,chkpt=132]"
twj3gr94,sweep_jepa_random_student_rate_stage1_select_log_healpix.csv,True,1,twj3gr94-stage2-fn-fixed,"twj3gr94-stage2-fn-fixed[files=133,metrics=1,train_log=0,perf_log=0,chkpt=132]"
w4qhr4f8,sweep_jepa_random_student_rate_stage1_select_qzt_log_q_random.csv,True,1,w4qhr4f8-stage2-q-fn-fixed,"w4qhr4f8-stage2-q-fn-fixed[files=133,metrics=1,train_log=0,perf_log=0,chkpt=132]"
wakyxoi7,sweep_jepa_random_student_rate_stage1_select_log_healpix.csv,True,1,wakyxoi7-stage2-fn-fixed,"wakyxoi7-stage2-fn-fixed[files=133,metrics=1,train_log=0,perf_log=0,chkpt=132]"
wpiya6o0,sweep_jepa_random_student_rate_stage1_select_log_cropping.csv,True,1,wpiya6o0-stage2-fn-fixed,"wpiya6o0-stage2-fn-fixed[files=133,metrics=1,train_log=0,perf_log=0,chkpt=132]"
wvy33vlr,sweep_jepa_random_student_rate_stage1_select_log_random.csv,True,1,wvy33vlr-stage2-fn-fixed,"wvy33vlr-stage2-fn-fixed[files=133,metrics=1,train_log=0,perf_log=0,chkpt=132]"
xd2hlkjg,sweep_jepa_random_student_rate_stage1_select_qzt_log_q_healpix.csv,True,1,xd2hlkjg-stage2-q-fn-fixed,"xd2hlkjg-stage2-q-fn-fixed[files=133,metrics=1,train_log=0,perf_log=0,chkpt=132]"
ygqv6mwz,sweep_jepa_random_student_rate_stage1_select_log_random.csv,True,1,ygqv6mwz-stage2-fn-fixed,"ygqv6mwz-stage2-fn-fixed[files=133,metrics=1,train_log=0,perf_log=0,chkpt=132]"
ykc5xtj5,sweep_jepa_random_student_rate_stage1_select_log_cropping.csv,True,1,ykc5xtj5-stage2-fn-fixed,"ykc5xtj5-stage2-fn-fixed[files=133,metrics=1,train_log=0,perf_log=0,chkpt=132]"
yunj3q8e,sweep_jepa_random_student_rate_stage1_select_log_random.csv,True,1,yunj3q8e-stage2-fn-fixed,"yunj3q8e-stage2-fn-fixed[files=133,metrics=1,train_log=0,perf_log=0,chkpt=132]"
