base_run_id,source_run_id,target_run_id,strategy,stage1_config,source_files,finetune_config
2a7j9xfb,2a7j9xfb-stage1,2a7j9xfb-stage2-fn-fixed,./config/config_jepa_frozen_2drope_qkrms_student_cropping.yml,./config/config_jepa_frozen_2drope_qkrms_student_cropping.yml,sweep_jepa_random_student_rate_stage1_select_log_cropping.csv,/users/walmikae/weathergen/WeatherGenerator/config/config_jepa_finetuning.yml
ykc5xtj5,ykc5xtj5-stage1,ykc5xtj5-stage2-fn-fixed,./config/config_jepa_frozen_2drope_qkrms_student_cropping.yml,./config/config_jepa_frozen_2drope_qkrms_student_cropping.yml,sweep_jepa_random_student_rate_stage1_select_log_cropping.csv,/users/walmikae/weathergen/WeatherGenerator/config/config_jepa_finetuning.yml
k6fvsuw0,k6fvsuw0-stage1,k6fvsuw0-stage2-fn-fixed,./config/config_jepa_frozen_2drope_qkrms_student_cropping.yml,./config/config_jepa_frozen_2drope_qkrms_student_cropping.yml,sweep_jepa_random_student_rate_stage1_select_log_cropping.csv,/users/walmikae/weathergen/WeatherGenerator/config/config_jepa_finetuning.yml
4pmuvrrw,4pmuvrrw-stage1,4pmuvrrw-stage2-fn-fixed,./config/config_jepa_frozen_2drope_qkrms_student_cropping.yml,./config/config_jepa_frozen_2drope_qkrms_student_cropping.yml,sweep_jepa_random_student_rate_stage1_select_log_cropping.csv,/users/walmikae/weathergen/WeatherGenerator/config/config_jepa_finetuning.yml
wpiya6o0,wpiya6o0-stage1,wpiya6o0-stage2-fn-fixed,./config/config_jepa_frozen_2drope_qkrms_student_cropping.yml,./config/config_jepa_frozen_2drope_qkrms_student_cropping.yml,sweep_jepa_random_student_rate_stage1_select_log_cropping.csv,/users/walmikae/weathergen/WeatherGenerator/config/config_jepa_finetuning.yml
m0wkjh43,m0wkjh43-stage1,m0wkjh43-stage2-fn-fixed,./config/config_jepa_frozen_2drope_qkrms_student_cropping.yml,./config/config_jepa_frozen_2drope_qkrms_student_cropping.yml,sweep_jepa_random_student_rate_stage1_select_log_cropping.csv,/users/walmikae/weathergen/WeatherGenerator/config/config_jepa_finetuning.yml
riw0cpsk,riw0cpsk-stage1,riw0cpsk-stage2-fn-fixed,./config/config_jepa_frozen_2drope_qkrms_student_cropping.yml,./config/config_jepa_frozen_2drope_qkrms_student_cropping.yml,sweep_jepa_random_student_rate_stage1_select_log_cropping.csv,/users/walmikae/weathergen/WeatherGenerator/config/config_jepa_finetuning.yml
lzdwh3bg,lzdwh3bg-stage1,lzdwh3bg-stage2-fn-fixed,./config/config_jepa_frozen_2drope_qkrms_student_cropping.yml,./config/config_jepa_frozen_2drope_qkrms_student_cropping.yml,sweep_jepa_random_student_rate_stage1_select_log_cropping.csv,/users/walmikae/weathergen/WeatherGenerator/config/config_jepa_finetuning.yml
6fyxobrt,6fyxobrt-stage1,6fyxobrt-stage2-fn-fixed,./config/config_jepa_frozen_2drope_qkrms_student_cropping.yml,./config/config_jepa_frozen_2drope_qkrms_student_cropping.yml,sweep_jepa_random_student_rate_stage1_select_log_cropping.csv,/users/walmikae/weathergen/WeatherGenerator/config/config_jepa_finetuning.yml
wakyxoi7,wakyxoi7-stage1,wakyxoi7-stage2-fn-fixed,./config/config_jepa_frozen_2drope_qkrms_student_healpix.yml,./config/config_jepa_frozen_2drope_qkrms_student_healpix.yml,sweep_jepa_random_student_rate_stage1_select_log_healpix.csv,/users/walmikae/weathergen/WeatherGenerator/config/config_jepa_finetuning.yml
kytru2ru,kytru2ru-stage1,kytru2ru-stage2-fn-fixed,./config/config_jepa_frozen_2drope_qkrms_student_healpix.yml,./config/config_jepa_frozen_2drope_qkrms_student_healpix.yml,sweep_jepa_random_student_rate_stage1_select_log_healpix.csv,/users/walmikae/weathergen/WeatherGenerator/config/config_jepa_finetuning.yml
sgtst9tw,sgtst9tw-stage1,sgtst9tw-stage2-fn-fixed,./config/config_jepa_frozen_2drope_qkrms_student_healpix.yml,./config/config_jepa_frozen_2drope_qkrms_student_healpix.yml,sweep_jepa_random_student_rate_stage1_select_log_healpix.csv,/users/walmikae/weathergen/WeatherGenerator/config/config_jepa_finetuning.yml
iar1vgr4,iar1vgr4-stage1,iar1vgr4-stage2-fn-fixed,./config/config_jepa_frozen_2drope_qkrms_student_healpix.yml,./config/config_jepa_frozen_2drope_qkrms_student_healpix.yml,sweep_jepa_random_student_rate_stage1_select_log_healpix.csv,/users/walmikae/weathergen/WeatherGenerator/config/config_jepa_finetuning.yml
twj3gr94,twj3gr94-stage1,twj3gr94-stage2-fn-fixed,./config/config_jepa_frozen_2drope_qkrms_student_healpix.yml,./config/config_jepa_frozen_2drope_qkrms_student_healpix.yml,sweep_jepa_random_student_rate_stage1_select_log_healpix.csv,/users/walmikae/weathergen/WeatherGenerator/config/config_jepa_finetuning.yml
8kerb5s3,8kerb5s3-stage1,8kerb5s3-stage2-fn-fixed,./config/config_jepa_frozen_2drope_qkrms_student_healpix.yml,./config/config_jepa_frozen_2drope_qkrms_student_healpix.yml,sweep_jepa_random_student_rate_stage1_select_log_healpix.csv,/users/walmikae/weathergen/WeatherGenerator/config/config_jepa_finetuning.yml
elt0z1z8,elt0z1z8-stage1,elt0z1z8-stage2-fn-fixed,./config/config_jepa_frozen_2drope_qkrms_student_healpix.yml,./config/config_jepa_frozen_2drope_qkrms_student_healpix.yml,sweep_jepa_random_student_rate_stage1_select_log_healpix.csv,/users/walmikae/weathergen/WeatherGenerator/config/config_jepa_finetuning.yml
fu0wu6ik,fu0wu6ik-stage1,fu0wu6ik-stage2-fn-fixed,./config/config_jepa_frozen_2drope_qkrms_student_healpix.yml,./config/config_jepa_frozen_2drope_qkrms_student_healpix.yml,sweep_jepa_random_student_rate_stage1_select_log_healpix.csv,/users/walmikae/weathergen/WeatherGenerator/config/config_jepa_finetuning.yml
48xqti94,48xqti94-stage1,48xqti94-stage2-fn-fixed,./config/config_jepa_frozen_2drope_qkrms_student_healpix.yml,./config/config_jepa_frozen_2drope_qkrms_student_healpix.yml,sweep_jepa_random_student_rate_stage1_select_log_healpix.csv,/users/walmikae/weathergen/WeatherGenerator/config/config_jepa_finetuning.yml
a7u6r2a3,a7u6r2a3-stage1,a7u6r2a3-stage2-fn-fixed,./config/config_jepa_frozen_2drope_qkrms_student_healpix.yml,./config/config_jepa_frozen_2drope_qkrms_student_healpix.yml,sweep_jepa_random_student_rate_stage1_select_log_healpix.csv,/users/walmikae/weathergen/WeatherGenerator/config/config_jepa_finetuning.yml
h4fa61gs,h4fa61gs-stage1,h4fa61gs-stage2-fn-fixed,./config/config_jepa_frozen_2drope_qkrms_random.yml,./config/config_jepa_frozen_2drope_qkrms_random.yml,sweep_jepa_random_student_rate_stage1_select_log_random.csv,/users/walmikae/weathergen/WeatherGenerator/config/config_jepa_finetuning.yml
pckllyys,pckllyys-stage1,pckllyys-stage2-fn-fixed,./config/config_jepa_frozen_2drope_qkrms_random.yml,./config/config_jepa_frozen_2drope_qkrms_random.yml,sweep_jepa_random_student_rate_stage1_select_log_random.csv,/users/walmikae/weathergen/WeatherGenerator/config/config_jepa_finetuning.yml
wvy33vlr,wvy33vlr-stage1,wvy33vlr-stage2-fn-fixed,./config/config_jepa_frozen_2drope_qkrms_random.yml,./config/config_jepa_frozen_2drope_qkrms_random.yml,sweep_jepa_random_student_rate_stage1_select_log_random.csv,/users/walmikae/weathergen/WeatherGenerator/config/config_jepa_finetuning.yml
agu7r3d2,agu7r3d2-stage1,agu7r3d2-stage2-fn-fixed,./config/config_jepa_frozen_2drope_qkrms_random.yml,./config/config_jepa_frozen_2drope_qkrms_random.yml,sweep_jepa_random_student_rate_stage1_select_log_random.csv,/users/walmikae/weathergen/WeatherGenerator/config/config_jepa_finetuning.yml
7baism07,7baism07-stage1,7baism07-stage2-fn-fixed,./config/config_jepa_frozen_2drope_qkrms_random.yml,./config/config_jepa_frozen_2drope_qkrms_random.yml,sweep_jepa_random_student_rate_stage1_select_log_random.csv,/users/walmikae/weathergen/WeatherGenerator/config/config_jepa_finetuning.yml
h24te6kq,h24te6kq-stage1,h24te6kq-stage2-fn-fixed,./config/config_jepa_frozen_2drope_qkrms_random.yml,./config/config_jepa_frozen_2drope_qkrms_random.yml,sweep_jepa_random_student_rate_stage1_select_log_random.csv,/users/walmikae/weathergen/WeatherGenerator/config/config_jepa_finetuning.yml
dbs1q8lf,dbs1q8lf-stage1,dbs1q8lf-stage2-fn-fixed,./config/config_jepa_frozen_2drope_qkrms_random.yml,./config/config_jepa_frozen_2drope_qkrms_random.yml,sweep_jepa_random_student_rate_stage1_select_log_random.csv,/users/walmikae/weathergen/WeatherGenerator/config/config_jepa_finetuning.yml
yunj3q8e,yunj3q8e-stage1,yunj3q8e-stage2-fn-fixed,./config/config_jepa_frozen_2drope_qkrms_random.yml,./config/config_jepa_frozen_2drope_qkrms_random.yml,sweep_jepa_random_student_rate_stage1_select_log_random.csv,/users/walmikae/weathergen/WeatherGenerator/config/config_jepa_finetuning.yml
0tqmjvo3,0tqmjvo3-stage1,0tqmjvo3-stage2-fn-fixed,./config/config_jepa_frozen_2drope_qkrms_random.yml,./config/config_jepa_frozen_2drope_qkrms_random.yml,sweep_jepa_random_student_rate_stage1_select_log_random.csv,/users/walmikae/weathergen/WeatherGenerator/config/config_jepa_finetuning.yml
ygqv6mwz,ygqv6mwz-stage1,ygqv6mwz-stage2-fn-fixed,./config/config_jepa_frozen_2drope_qkrms_random.yml,./config/config_jepa_frozen_2drope_qkrms_random.yml,sweep_jepa_random_student_rate_stage1_select_log_random.csv,/users/walmikae/weathergen/WeatherGenerator/config/config_jepa_finetuning.yml
